{
  "person_detected": true,
  "person_count": 1,
  "detections": [
    {
      "class_name": "person",
      "confidence": 0.9430018663406372,
      "bbox_xyxy": [
        3.71136474609375,
        5.628662109375,
        1211.680419921875,
        1065.4676513671875
      ]
    }
  ]
}