{
  "person_detected": true,
  "person_count": 1,
  "detections": [
    {
      "class_name": "person",
      "confidence": 0.9335916042327881,
      "bbox_xyxy": [
        1.009918212890625,
        49.672943115234375,
        1247.8228759765625,
        1067.0880126953125
      ]
    }
  ]
}