{
  "person_detected": true,
  "person_count": 1,
  "detections": [
    {
      "class_name": "person",
      "confidence": 0.9526050686836243,
      "bbox_xyxy": [
        2.325164794921875,
        4.06585693359375,
        1269.1241455078125,
        1069.626220703125
      ]
    }
  ]
}